[{"__criblEventType":"event","__ctrlFields":[],"__final":false,"__cloneCount":0,"_time":1622686487.829,"_value":191,"_metric":"cribl.logstream.metrics_pool.num_metrics","_metric_type":"gauge","__criblMetrics":[{"types":["gauge"],"values":["_value"],"nameExpr":["_metric"],"dims":["group","source","host","event_source","event_host","cribl_wp"]}],"group":"default","source":"cribl","host":"pi4","event_source":"cribl","event_host":"pi4","cribl_wp":"w1","__inputId":"cribl:CriblMetrics","cribl_pipe":"cribl_metrics_rollup"},{"__criblEventType":"event","__ctrlFields":[],"__final":false,"__cloneCount":0,"_time":1622686487.829,"_value":1,"_metric":"cribl.logstream.cluster.metrics.sender.inflight","_metric_type":"gauge","__criblMetrics":[{"types":["gauge"],"values":["_value"],"nameExpr":["_metric"],"dims":["group","source","host","event_source","event_host","cribl_wp"]}],"group":"default","source":"cribl","host":"pi4","event_source":"cribl","event_host":"pi4","cribl_wp":"w1","__inputId":"cribl:CriblMetrics","cribl_pipe":"cribl_metrics_rollup"},{"__criblEventType":"event","__ctrlFields":[],"__final":false,"__cloneCount":0,"_time":1622686487.829,"_value":81,"_metric":"cribl.logstream.route.in_events","_metric_type":"counter","__criblMetrics":[{"types":["counter"],"values":["_value"],"nameExpr":["_metric"],"dims":["id","route","name","input","group","source","host","event_source","event_host","cribl_wp"]}],"id":"QkPO2d","route":"QkPO2d","name":"internal_monitor","input":"cribl:CriblMetrics","group":"default","source":"cribl","host":"pi4","event_source":"cribl","event_host":"pi4","cribl_wp":"w1","__inputId":"cribl:CriblMetrics","cribl_pipe":"cribl_metrics_rollup"},{"__criblEventType":"event","__ctrlFields":[],"__final":false,"__cloneCount":0,"_time":1622686487.829,"_value":1,"_metric":"cribl.logstream.route.out_events","_metric_type":"counter","__criblMetrics":[{"types":["counter"],"values":["_value"],"nameExpr":["_metric"],"dims":["id","route","name","group","source","host","event_source","event_host","cribl_wp"]}],"id":"QkPO2d","route":"QkPO2d","name":"internal_monitor","group":"default","source":"cribl","host":"pi4","event_source":"cribl","event_host":"pi4","cribl_wp":"w1","__inputId":"cribl:CriblMetrics","cribl_pipe":"cribl_metrics_rollup"},{"__criblEventType":"event","__ctrlFields":[],"__final":false,"__cloneCount":0,"_time":1622686487.829,"_value":80,"_metric":"cribl.logstream.route.dropped_events","_metric_type":"counter","__criblMetrics":[{"types":["counter"],"values":["_value"],"nameExpr":["_metric"],"dims":["id","route","name","group","source","host","event_source","event_host","cribl_wp"]}],"id":"QkPO2d","route":"QkPO2d","name":"internal_monitor","group":"default","source":"cribl","host":"pi4","event_source":"cribl","event_host":"pi4","cribl_wp":"w1","__inputId":"cribl:CriblMetrics","cribl_pipe":"cribl_metrics_rollup"},{"__criblEventType":"event","__ctrlFields":[],"__final":false,"__cloneCount":0,"_time":1622686487.829,"_value":1026,"_metric":"cribl.logstream.route.in_bytes","_metric_type":"counter","__criblMetrics":[{"types":["counter"],"values":["_value"],"nameExpr":["_metric"],"dims":["id","route","name","input","group","source","host","event_source","event_host","cribl_wp"]}],"id":"default","route":"default","name":"default","input":"syslog:in_syslog:udp","group":"default","source":"cribl","host":"pi4","event_source":"cribl","event_host":"pi4","cribl_wp":"w1","__inputId":"cribl:CriblMetrics","cribl_pipe":"cribl_metrics_rollup"},{"__criblEventType":"event","__ctrlFields":[],"__final":false,"__cloneCount":0,"_time":1622686487.829,"_value":4,"_metric":"cribl.logstream.route.in_events","_metric_type":"counter","__criblMetrics":[{"types":["counter"],"values":["_value"],"nameExpr":["_metric"],"dims":["id","route","name","input","group","source","host","event_source","event_host","cribl_wp"]}],"id":"default","route":"default","name":"default","input":"undefined","group":"default","source":"cribl","host":"pi4","event_source":"cribl","event_host":"pi4","cribl_wp":"w1","__inputId":"cribl:CriblMetrics","cribl_pipe":"cribl_metrics_rollup"},{"__criblEventType":"event","__ctrlFields":[],"__final":false,"__cloneCount":0,"_time":1622686487.829,"_value":4,"_metric":"cribl.logstream.route.in_events","_metric_type":"counter","__criblMetrics":[{"types":["counter"],"values":["_value"],"nameExpr":["_metric"],"dims":["id","route","name","input","group","source","host","event_source","event_host","cribl_wp"]}],"id":"default","route":"default","name":"default","input":"syslog:in_syslog:udp","group":"default","source":"cribl","host":"pi4","event_source":"cribl","event_host":"pi4","cribl_wp":"w1","__inputId":"cribl:CriblMetrics","cribl_pipe":"cribl_metrics_rollup"},{"__criblEventType":"event","__ctrlFields":[],"__final":false,"__cloneCount":0,"_time":1622686487.829,"_value":8,"_metric":"cribl.logstream.route.out_events","_metric_type":"counter","__criblMetrics":[{"types":["counter"],"values":["_value"],"nameExpr":["_metric"],"dims":["id","route","name","group","source","host","event_source","event_host","cribl_wp"]}],"id":"default","route":"default","name":"default","group":"default","source":"cribl","host":"pi4","event_source":"cribl","event_host":"pi4","cribl_wp":"w1","__inputId":"cribl:CriblMetrics","cribl_pipe":"cribl_metrics_rollup"},{"__criblEventType":"event","__ctrlFields":[],"__final":false,"__cloneCount":0,"_time":1622686487.829,"_value":1026,"_metric":"cribl.logstream.route.out_bytes","_metric_type":"counter","__criblMetrics":[{"types":["counter"],"values":["_value"],"nameExpr":["_metric"],"dims":["id","route","name","group","source","host","event_source","event_host","cribl_wp"]}],"id":"default","route":"default","name":"default","group":"default","source":"cribl","host":"pi4","event_source":"cribl","event_host":"pi4","cribl_wp":"w1","__inputId":"cribl:CriblMetrics","cribl_pipe":"cribl_metrics_rollup"},{"__criblEventType":"event","__ctrlFields":[],"__final":false,"__cloneCount":0,"_time":1622686487.829,"_value":6,"_metric":"cribl.logstream.pipe.in_events","_metric_type":"counter","__criblMetrics":[{"types":["counter"],"values":["_value"],"nameExpr":["_metric"],"dims":["id","pipeline","group","source","host","event_source","event_host","cribl_wp"]}],"id":"passthru","pipeline":"passthru","group":"default","source":"cribl","host":"pi4","event_source":"cribl","event_host":"pi4","cribl_wp":"w1","__inputId":"cribl:CriblMetrics","cribl_pipe":"cribl_metrics_rollup"},{"__criblEventType":"event","__ctrlFields":[],"__final":false,"__cloneCount":0,"_time":1622686487.829,"_value":6,"_metric":"cribl.logstream.pipe.out_events","_metric_type":"counter","__criblMetrics":[{"types":["counter"],"values":["_value"],"nameExpr":["_metric"],"dims":["id","pipeline","group","source","host","event_source","event_host","cribl_wp"]}],"id":"passthru","pipeline":"passthru","group":"default","source":"cribl","host":"pi4","event_source":"cribl","event_host":"pi4","cribl_wp":"w1","__inputId":"cribl:CriblMetrics","cribl_pipe":"cribl_metrics_rollup"},{"__criblEventType":"event","__ctrlFields":[],"__final":false,"__cloneCount":0,"_time":1622686487.829,"_value":281,"_metric":"cribl.logstream.pipe.in_events","_metric_type":"counter","__criblMetrics":[{"types":["counter"],"values":["_value"],"nameExpr":["_metric"],"dims":["id","pipeline","group","source","host","event_source","event_host","cribl_wp"]}],"id":"cribl_metrics_rollup","pipeline":"cribl_metrics_rollup","group":"default","source":"cribl","host":"pi4","event_source":"cribl","event_host":"pi4","cribl_wp":"w1","__inputId":"cribl:CriblMetrics","cribl_pipe":"cribl_metrics_rollup"},{"__criblEventType":"event","__ctrlFields":[],"__final":false,"__cloneCount":0,"_time":1622686487.829,"_value":281,"_metric":"cribl.logstream.pipe.dropped_events","_metric_type":"counter","__criblMetrics":[{"types":["counter"],"values":["_value"],"nameExpr":["_metric"],"dims":["id","pipeline","group","source","host","event_source","event_host","cribl_wp"]}],"id":"cribl_metrics_rollup","pipeline":"cribl_metrics_rollup","group":"default","source":"cribl","host":"pi4","event_source":"cribl","event_host":"pi4","cribl_wp":"w1","__inputId":"cribl:CriblMetrics","cribl_pipe":"cribl_metrics_rollup"},{"__criblEventType":"event","__ctrlFields":[],"__final":false,"__cloneCount":0,"_time":1622686487.829,"_value":0,"_metric":"cribl.logstream.collector_cache.size","_metric_type":"gauge","__criblMetrics":[{"types":["gauge"],"values":["_value"],"nameExpr":["_metric"],"dims":["group","source","host","event_source","event_host","cribl_wp"]}],"group":"default","source":"cribl","host":"pi4","event_source":"cribl","event_host":"pi4","cribl_wp":"w1","__inputId":"cribl:CriblMetrics","cribl_pipe":"cribl_metrics_rollup"},{"__criblEventType":"event","__ctrlFields":[],"__final":false,"__cloneCount":0,"_time":1622686487.829,"_value":0,"_metric":"cribl.logstream.health.inputs","_metric_type":"gauge","__criblMetrics":[{"types":["gauge"],"values":["_value"],"nameExpr":["_metric"],"dims":["ci","input","group","source","host","event_source","event_host","cribl_wp"]}],"ci":"http:http","input":"http:http","group":"default","source":"cribl","host":"pi4","event_source":"cribl","event_host":"pi4","cribl_wp":"w1","__inputId":"cribl:CriblMetrics","cribl_pipe":"cribl_metrics_rollup"},{"__criblEventType":"event","__ctrlFields":[],"__final":false,"__cloneCount":0,"_time":1622686487.829,"_value":0,"_metric":"cribl.logstream.health.inputs","_metric_type":"gauge","__criblMetrics":[{"types":["gauge"],"values":["_value"],"nameExpr":["_metric"],"dims":["ci","input","group","source","host","event_source","event_host","cribl_wp"]}],"ci":"splunk:in_splunk_tcp","input":"splunk:in_splunk_tcp","group":"default","source":"cribl","host":"pi4","event_source":"cribl","event_host":"pi4","cribl_wp":"w1","__inputId":"cribl:CriblMetrics","cribl_pipe":"cribl_metrics_rollup"},{"__criblEventType":"event","__ctrlFields":[],"__final":false,"__cloneCount":0,"_time":1622686487.829,"_value":0,"_metric":"cribl.logstream.total.activeCxn","_metric_type":"gauge","__criblMetrics":[{"types":["gauge"],"values":["_value"],"nameExpr":["_metric"],"dims":["group","source","host","event_source","event_host","cribl_wp"]}],"group":"default","source":"cribl","host":"pi4","event_source":"cribl","event_host":"pi4","cribl_wp":"w1","__inputId":"cribl:CriblMetrics","cribl_pipe":"cribl_metrics_rollup"},{"__criblEventType":"event","__ctrlFields":[],"__final":false,"__cloneCount":0,"_time":1622686487.829,"_value":0,"_metric":"cribl.logstream.health.inputs","_metric_type":"gauge","__criblMetrics":[{"types":["gauge"],"values":["_value"],"nameExpr":["_metric"],"dims":["ci","input","group","source","host","event_source","event_host","cribl_wp"]}],"ci":"splunk_hec:in_splunk_hec","input":"splunk_hec:in_splunk_hec","group":"default","source":"cribl","host":"pi4","event_source":"cribl","event_host":"pi4","cribl_wp":"w1","__inputId":"cribl:CriblMetrics","cribl_pipe":"cribl_metrics_rollup"},{"__criblEventType":"event","__ctrlFields":[],"__final":false,"__cloneCount":0,"_time":1622686487.829,"_value":0,"_metric":"cribl.logstream.health.inputs","_metric_type":"gauge","__criblMetrics":[{"types":["gauge"],"values":["_value"],"nameExpr":["_metric"],"dims":["ci","input","group","source","host","event_source","event_host","cribl_wp"]}],"ci":"elastic:in_elastic","input":"elastic:in_elastic","group":"default","source":"cribl","host":"pi4","event_source":"cribl","event_host":"pi4","cribl_wp":"w1","__inputId":"cribl:CriblMetrics","cribl_pipe":"cribl_metrics_rollup"},{"__criblEventType":"event","__ctrlFields":[],"__final":false,"__cloneCount":0,"_time":1622686487.829,"_value":0,"_metric":"cribl.logstream.health.inputs","_metric_type":"gauge","__criblMetrics":[{"types":["gauge"],"values":["_value"],"nameExpr":["_metric"],"dims":["ci","input","group","source","host","event_source","event_host","cribl_wp"]}],"ci":"syslog:in_syslog:udp","input":"syslog:in_syslog:udp","group":"default","source":"cribl","host":"pi4","event_source":"cribl","event_host":"pi4","cribl_wp":"w1","__inputId":"cribl:CriblMetrics","cribl_pipe":"cribl_metrics_rollup"},{"__criblEventType":"event","__ctrlFields":[],"__final":false,"__cloneCount":0,"_time":1622686487.829,"_value":0,"_metric":"cribl.logstream.health.inputs","_metric_type":"gauge","__criblMetrics":[{"types":["gauge"],"values":["_value"],"nameExpr":["_metric"],"dims":["ci","input","group","source","host","event_source","event_host","cribl_wp"]}],"ci":"syslog:in_syslog:tcp","input":"syslog:in_syslog:tcp","group":"default","source":"cribl","host":"pi4","event_source":"cribl","event_host":"pi4","cribl_wp":"w1","__inputId":"cribl:CriblMetrics","cribl_pipe":"cribl_metrics_rollup"},{"__criblEventType":"event","__ctrlFields":[],"__final":false,"__cloneCount":0,"_time":1622686487.829,"_value":0,"_metric":"cribl.logstream.health.inputs","_metric_type":"gauge","__criblMetrics":[{"types":["gauge"],"values":["_value"],"nameExpr":["_metric"],"dims":["ci","input","group","source","host","event_source","event_host","cribl_wp"]}],"ci":"tcp:in_tcp","input":"tcp:in_tcp","group":"default","source":"cribl","host":"pi4","event_source":"cribl","event_host":"pi4","cribl_wp":"w1","__inputId":"cribl:CriblMetrics","cribl_pipe":"cribl_metrics_rollup"},{"__criblEventType":"event","__ctrlFields":[],"__final":false,"__cloneCount":0,"_time":1622686487.829,"_value":0,"_metric":"cribl.logstream.health.inputs","_metric_type":"gauge","__criblMetrics":[{"types":["gauge"],"values":["_value"],"nameExpr":["_metric"],"dims":["ci","input","group","source","host","event_source","event_host","cribl_wp"]}],"ci":"tcpjson:in_tcp_json","input":"tcpjson:in_tcp_json","group":"default","source":"cribl","host":"pi4","event_source":"cribl","event_host":"pi4","cribl_wp":"w1","__inputId":"cribl:CriblMetrics","cribl_pipe":"cribl_metrics_rollup"},{"__criblEventType":"event","__ctrlFields":[],"__final":false,"__cloneCount":0,"_time":1622686487.829,"_value":0,"_metric":"cribl.logstream.health.inputs","_metric_type":"gauge","__criblMetrics":[{"types":["gauge"],"values":["_value"],"nameExpr":["_metric"],"dims":["ci","input","group","source","host","event_source","event_host","cribl_wp"]}],"ci":"appscope:in_appscope","input":"appscope:in_appscope","group":"default","source":"cribl","host":"pi4","event_source":"cribl","event_host":"pi4","cribl_wp":"w1","__inputId":"cribl:CriblMetrics","cribl_pipe":"cribl_metrics_rollup"},{"__criblEventType":"event","__ctrlFields":[],"__final":false,"__cloneCount":0,"_time":1622686487.829,"_value":0,"_metric":"cribl.logstream.health.inputs","_metric_type":"gauge","__criblMetrics":[{"types":["gauge"],"values":["_value"],"nameExpr":["_metric"],"dims":["ci","input","group","source","host","event_source","event_host","cribl_wp"]}],"ci":"snmp:in_snmp_trap","input":"snmp:in_snmp_trap","group":"default","source":"cribl","host":"pi4","event_source":"cribl","event_host":"pi4","cribl_wp":"w1","__inputId":"cribl:CriblMetrics","cribl_pipe":"cribl_metrics_rollup"},{"__criblEventType":"event","__ctrlFields":[],"__final":false,"__cloneCount":0,"_time":1622686487.829,"_value":0,"_metric":"cribl.logstream.health.inputs","_metric_type":"gauge","__criblMetrics":[{"types":["gauge"],"values":["_value"],"nameExpr":["_metric"],"dims":["ci","input","group","source","host","event_source","event_host","cribl_wp"]}],"ci":"cribl:CriblLogs","input":"cribl:CriblLogs","group":"default","source":"cribl","host":"pi4","event_source":"cribl","event_host":"pi4","cribl_wp":"w1","__inputId":"cribl:CriblMetrics","cribl_pipe":"cribl_metrics_rollup"},{"__criblEventType":"event","__ctrlFields":[],"__final":false,"__cloneCount":0,"_time":1622686487.829,"_value":0,"_metric":"cribl.logstream.health.inputs","_metric_type":"gauge","__criblMetrics":[{"types":["gauge"],"values":["_value"],"nameExpr":["_metric"],"dims":["ci","input","group","source","host","event_source","event_host","cribl_wp"]}],"ci":"cribl:CriblMetrics","input":"cribl:CriblMetrics","group":"default","source":"cribl","host":"pi4","event_source":"cribl","event_host":"pi4","cribl_wp":"w1","__inputId":"cribl:CriblMetrics","cribl_pipe":"cribl_metrics_rollup"},{"__criblEventType":"event","__ctrlFields":[],"__final":false,"__cloneCount":0,"_time":1622686487.829,"_value":0,"_metric":"cribl.logstream.health.inputs","_metric_type":"gauge","__criblMetrics":[{"types":["gauge"],"values":["_value"],"nameExpr":["_metric"],"dims":["ci","input","group","source","host","event_source","event_host","cribl_wp"]}],"ci":"datagen:testdata","input":"datagen:testdata","group":"default","source":"cribl","host":"pi4","event_source":"cribl","event_host":"pi4","cribl_wp":"w1","__inputId":"cribl:CriblMetrics","cribl_pipe":"cribl_metrics_rollup"},{"__criblEventType":"event","__ctrlFields":[],"__final":false,"__cloneCount":0,"_time":1622686487.829,"_value":0,"_metric":"cribl.logstream.health.outputs","_metric_type":"gauge","__criblMetrics":[{"types":["gauge"],"values":["_value"],"nameExpr":["_metric"],"dims":["output","group","source","host","event_source","event_host","cribl_wp"]}],"output":"devnull:devnull","group":"default","source":"cribl","host":"pi4","event_source":"cribl","event_host":"pi4","cribl_wp":"w1","__inputId":"cribl:CriblMetrics","cribl_pipe":"cribl_metrics_rollup"},{"__criblEventType":"event","__ctrlFields":[],"__final":false,"__cloneCount":0,"_time":1622686487.829,"_value":0,"_metric":"cribl.logstream.blocked.outputs","_metric_type":"gauge","__criblMetrics":[{"types":["gauge"],"values":["_value"],"nameExpr":["_metric"],"dims":["output","group","source","host","event_source","event_host","cribl_wp"]}],"output":"devnull:devnull","group":"default","source":"cribl","host":"pi4","event_source":"cribl","event_host":"pi4","cribl_wp":"w1","__inputId":"cribl:CriblMetrics","cribl_pipe":"cribl_metrics_rollup"},{"__criblEventType":"event","__ctrlFields":[],"__final":false,"__cloneCount":0,"_time":1622686487.829,"_value":2,"_metric":"cribl.logstream.health.outputs","_metric_type":"gauge","__criblMetrics":[{"types":["gauge"],"values":["_value"],"nameExpr":["_metric"],"dims":["output","group","source","host","event_source","event_host","cribl_wp"]}],"output":"splunk:home_lab_splunk","group":"default","source":"cribl","host":"pi4","event_source":"cribl","event_host":"pi4","cribl_wp":"w1","__inputId":"cribl:CriblMetrics","cribl_pipe":"cribl_metrics_rollup"},{"__criblEventType":"event","__ctrlFields":[],"__final":false,"__cloneCount":0,"_time":1622686487.829,"_value":0,"_metric":"cribl.logstream.blocked.outputs","_metric_type":"gauge","__criblMetrics":[{"types":["gauge"],"values":["_value"],"nameExpr":["_metric"],"dims":["output","group","source","host","event_source","event_host","cribl_wp"]}],"output":"splunk:home_lab_splunk","group":"default","source":"cribl","host":"pi4","event_source":"cribl","event_host":"pi4","cribl_wp":"w1","__inputId":"cribl:CriblMetrics","cribl_pipe":"cribl_metrics_rollup"},{"__criblEventType":"event","__ctrlFields":[],"__final":false,"__cloneCount":0,"_time":1622686487.829,"_value":6,"_metric":"cribl.logstream.pq.in_events","_metric_type":"counter","__criblMetrics":[{"types":["counter"],"values":["_value"],"nameExpr":["_metric"],"dims":["output","group","source","host","event_source","event_host","cribl_wp"]}],"output":"splunk:home_lab_splunk","group":"default","source":"cribl","host":"pi4","event_source":"cribl","event_host":"pi4","cribl_wp":"w1","__inputId":"cribl:CriblMetrics","cribl_pipe":"cribl_metrics_rollup"},{"__criblEventType":"event","__ctrlFields":[],"__final":false,"__cloneCount":0,"_time":1622686487.829,"_value":552,"_metric":"cribl.logstream.pq.in_bytes","_metric_type":"counter","__criblMetrics":[{"types":["counter"],"values":["_value"],"nameExpr":["_metric"],"dims":["output","group","source","host","event_source","event_host","cribl_wp"]}],"output":"splunk:home_lab_splunk","group":"default","source":"cribl","host":"pi4","event_source":"cribl","event_host":"pi4","cribl_wp":"w1","__inputId":"cribl:CriblMetrics","cribl_pipe":"cribl_metrics_rollup"},{"__criblEventType":"event","__ctrlFields":[],"__final":false,"__cloneCount":0,"_time":1622686487.829,"_value":6000,"_metric":"cribl.logstream.pq.queue_size","_metric_type":"gauge","__criblMetrics":[{"types":["gauge"],"values":["_value"],"nameExpr":["_metric"],"dims":["output","group","source","host","event_source","event_host","cribl_wp"]}],"output":"splunk:home_lab_splunk","group":"default","source":"cribl","host":"pi4","event_source":"cribl","event_host":"pi4","cribl_wp":"w1","__inputId":"cribl:CriblMetrics","cribl_pipe":"cribl_metrics_rollup"},{"__criblEventType":"event","__ctrlFields":[],"__final":false,"__cloneCount":0,"_time":1622686487.829,"_value":0,"_metric":"cribl.logstream.health.outputs","_metric_type":"gauge","__criblMetrics":[{"types":["gauge"],"values":["_value"],"nameExpr":["_metric"],"dims":["output","group","source","host","event_source","event_host","cribl_wp"]}],"output":"webhook:test_alert","group":"default","source":"cribl","host":"pi4","event_source":"cribl","event_host":"pi4","cribl_wp":"w1","__inputId":"cribl:CriblMetrics","cribl_pipe":"cribl_metrics_rollup"},{"__criblEventType":"event","__ctrlFields":[],"__final":false,"__cloneCount":0,"_time":1622686487.829,"_value":0,"_metric":"cribl.logstream.blocked.outputs","_metric_type":"gauge","__criblMetrics":[{"types":["gauge"],"values":["_value"],"nameExpr":["_metric"],"dims":["output","group","source","host","event_source","event_host","cribl_wp"]}],"output":"webhook:test_alert","group":"default","source":"cribl","host":"pi4","event_source":"cribl","event_host":"pi4","cribl_wp":"w1","__inputId":"cribl:CriblMetrics","cribl_pipe":"cribl_metrics_rollup"},{"__criblEventType":"event","__ctrlFields":[],"__final":false,"__cloneCount":0,"_time":1622686487.829,"_value":0,"_metric":"cribl.logstream.health.outputs","_metric_type":"gauge","__criblMetrics":[{"types":["gauge"],"values":["_value"],"nameExpr":["_metric"],"dims":["output","group","source","host","event_source","event_host","cribl_wp"]}],"output":"webhook:pagerduty_trigger","group":"default","source":"cribl","host":"pi4","event_source":"cribl","event_host":"pi4","cribl_wp":"w1","__inputId":"cribl:CriblMetrics","cribl_pipe":"cribl_metrics_rollup"},{"__criblEventType":"event","__ctrlFields":[],"__final":false,"__cloneCount":0,"_time":1622686487.829,"_value":0,"_metric":"cribl.logstream.blocked.outputs","_metric_type":"gauge","__criblMetrics":[{"types":["gauge"],"values":["_value"],"nameExpr":["_metric"],"dims":["output","group","source","host","event_source","event_host","cribl_wp"]}],"output":"webhook:pagerduty_trigger","group":"default","source":"cribl","host":"pi4","event_source":"cribl","event_host":"pi4","cribl_wp":"w1","__inputId":"cribl:CriblMetrics","cribl_pipe":"cribl_metrics_rollup"},{"__criblEventType":"event","__ctrlFields":[],"__final":false,"__cloneCount":0,"_time":1622686487.829,"_value":0,"_metric":"cribl.logstream.health.outputs","_metric_type":"gauge","__criblMetrics":[{"types":["gauge"],"values":["_value"],"nameExpr":["_metric"],"dims":["output","group","source","host","event_source","event_host","cribl_wp"]}],"output":"router:webhook_tester","group":"default","source":"cribl","host":"pi4","event_source":"cribl","event_host":"pi4","cribl_wp":"w1","__inputId":"cribl:CriblMetrics","cribl_pipe":"cribl_metrics_rollup"},{"__criblEventType":"event","__ctrlFields":[],"__final":false,"__cloneCount":0,"_time":1622686487.829,"_value":0,"_metric":"cribl.logstream.blocked.outputs","_metric_type":"gauge","__criblMetrics":[{"types":["gauge"],"values":["_value"],"nameExpr":["_metric"],"dims":["output","group","source","host","event_source","event_host","cribl_wp"]}],"output":"router:webhook_tester","group":"default","source":"cribl","host":"pi4","event_source":"cribl","event_host":"pi4","cribl_wp":"w1","__inputId":"cribl:CriblMetrics","cribl_pipe":"cribl_metrics_rollup"},{"__criblEventType":"event","__ctrlFields":[],"__final":false,"__cloneCount":0,"_time":1622686487.829,"_value":6,"_metric":"cribl.logstream.host.in_events","_metric_type":"counter","__criblMetrics":[{"types":["counter"],"values":["_value"],"nameExpr":["_metric"],"dims":["host","group","source","event_source","event_host","cribl_wp"]}],"host":"web01.cribl.io","group":"default","source":"cribl","event_source":"cribl","event_host":"web01.cribl.io","cribl_wp":"w1","__inputId":"cribl:CriblMetrics","cribl_pipe":"cribl_metrics_rollup"},{"__criblEventType":"event","__ctrlFields":[],"__final":false,"__cloneCount":0,"_time":1622686487.829,"_value":6,"_metric":"cribl.logstream.host.out_events","_metric_type":"counter","__criblMetrics":[{"types":["counter"],"values":["_value"],"nameExpr":["_metric"],"dims":["host","group","source","event_source","event_host","cribl_wp"]}],"host":"web01.cribl.io","group":"default","source":"cribl","event_source":"cribl","event_host":"web01.cribl.io","cribl_wp":"w1","__inputId":"cribl:CriblMetrics","cribl_pipe":"cribl_metrics_rollup"},{"__criblEventType":"event","__ctrlFields":[],"__final":false,"__cloneCount":0,"_time":1622686487.829,"_value":552,"_metric":"cribl.logstream.host.in_bytes","_metric_type":"counter","__criblMetrics":[{"types":["counter"],"values":["_value"],"nameExpr":["_metric"],"dims":["host","group","source","event_source","event_host","cribl_wp"]}],"host":"web01.cribl.io","group":"default","source":"cribl","event_source":"cribl","event_host":"web01.cribl.io","cribl_wp":"w1","__inputId":"cribl:CriblMetrics","cribl_pipe":"cribl_metrics_rollup"},{"__criblEventType":"event","__ctrlFields":[],"__final":false,"__cloneCount":0,"_time":1622686487.829,"_value":552,"_metric":"cribl.logstream.host.out_bytes","_metric_type":"counter","__criblMetrics":[{"types":["counter"],"values":["_value"],"nameExpr":["_metric"],"dims":["host","group","source","event_source","event_host","cribl_wp"]}],"host":"web01.cribl.io","group":"default","source":"cribl","event_source":"cribl","event_host":"web01.cribl.io","cribl_wp":"w1","__inputId":"cribl:CriblMetrics","cribl_pipe":"cribl_metrics_rollup"},{"__criblEventType":"event","__ctrlFields":[],"__final":false,"__cloneCount":0,"_time":1622686487.829,"_value":6,"_metric":"cribl.logstream.sourcetype.in_events","_metric_type":"counter","__criblMetrics":[{"types":["counter"],"values":["_value"],"nameExpr":["_metric"],"dims":["sourcetype","group","source","host","event_source","event_host","event_sourcetype","cribl_wp"]}],"sourcetype":"access_common","group":"default","source":"cribl","host":"pi4","event_source":"cribl","event_host":"pi4","event_sourcetype":"access_common","cribl_wp":"w1","__inputId":"cribl:CriblMetrics","cribl_pipe":"cribl_metrics_rollup"},{"__criblEventType":"event","__ctrlFields":[],"__final":false,"__cloneCount":0,"_time":1622686487.829,"_value":6,"_metric":"cribl.logstream.sourcetype.out_events","_metric_type":"counter","__criblMetrics":[{"types":["counter"],"values":["_value"],"nameExpr":["_metric"],"dims":["sourcetype","group","source","host","event_source","event_host","event_sourcetype","cribl_wp"]}],"sourcetype":"access_common","group":"default","source":"cribl","host":"pi4","event_source":"cribl","event_host":"pi4","event_sourcetype":"access_common","cribl_wp":"w1","__inputId":"cribl:CriblMetrics","cribl_pipe":"cribl_metrics_rollup"},{"__criblEventType":"event","__ctrlFields":[],"__final":false,"__cloneCount":0,"_time":1622686487.829,"_value":552,"_metric":"cribl.logstream.sourcetype.in_bytes","_metric_type":"counter","__criblMetrics":[{"types":["counter"],"values":["_value"],"nameExpr":["_metric"],"dims":["sourcetype","group","source","host","event_source","event_host","event_sourcetype","cribl_wp"]}],"sourcetype":"access_common","group":"default","source":"cribl","host":"pi4","event_source":"cribl","event_host":"pi4","event_sourcetype":"access_common","cribl_wp":"w1","__inputId":"cribl:CriblMetrics","cribl_pipe":"cribl_metrics_rollup"},{"__criblEventType":"event","__ctrlFields":[],"__final":false,"__cloneCount":0,"_time":1622686487.829,"_value":552,"_metric":"cribl.logstream.sourcetype.out_bytes","_metric_type":"counter","__criblMetrics":[{"types":["counter"],"values":["_value"],"nameExpr":["_metric"],"dims":["sourcetype","group","source","host","event_source","event_host","event_sourcetype","cribl_wp"]}],"sourcetype":"access_common","group":"default","source":"cribl","host":"pi4","event_source":"cribl","event_host":"pi4","event_sourcetype":"access_common","cribl_wp":"w1","__inputId":"cribl:CriblMetrics","cribl_pipe":"cribl_metrics_rollup"},{"__criblEventType":"event","__ctrlFields":[],"__final":false,"__cloneCount":0,"_time":1622686487.829,"_value":281,"_metric":"cribl.logstream.total.in_events","_metric_type":"counter","__criblMetrics":[{"types":["counter"],"values":["_value"],"nameExpr":["_metric"],"dims":["ci","input","group","source","host","event_source","event_host","cribl_wp"]}],"ci":"cribl:CriblMetrics","input":"cribl:CriblMetrics","group":"default","source":"cribl","host":"pi4","event_source":"cribl","event_host":"pi4","cribl_wp":"w1","__inputId":"cribl:CriblMetrics","cribl_pipe":"cribl_metrics_rollup"},{"__criblEventType":"event","__ctrlFields":[],"__final":false,"__cloneCount":0,"_time":1622686487.829,"_value":6,"_metric":"cribl.logstream.total.in_events","_metric_type":"counter","__criblMetrics":[{"types":["counter"],"values":["_value"],"nameExpr":["_metric"],"dims":["ci","input","group","source","host","event_source","event_host","cribl_wp"]}],"ci":"datagen:testdata","input":"datagen:testdata","group":"default","source":"cribl","host":"pi4","event_source":"cribl","event_host":"pi4","cribl_wp":"w1","__inputId":"cribl:CriblMetrics","cribl_pipe":"cribl_metrics_rollup"},{"__criblEventType":"event","__ctrlFields":[],"__final":false,"__cloneCount":0,"_time":1622686487.829,"_value":552,"_metric":"cribl.logstream.total.in_bytes","_metric_type":"counter","__criblMetrics":[{"types":["counter"],"values":["_value"],"nameExpr":["_metric"],"dims":["ci","input","group","source","host","event_source","event_host","cribl_wp"]}],"ci":"datagen:testdata","input":"datagen:testdata","group":"default","source":"cribl","host":"pi4","event_source":"cribl","event_host":"pi4","cribl_wp":"w1","__inputId":"cribl:CriblMetrics","cribl_pipe":"cribl_metrics_rollup"},{"__criblEventType":"event","__ctrlFields":[],"__final":false,"__cloneCount":0,"_time":1622686487.829,"_value":6,"_metric":"cribl.logstream.total.out_events","_metric_type":"counter","__criblMetrics":[{"types":["counter"],"values":["_value"],"nameExpr":["_metric"],"dims":["co","output","group","source","host","event_source","event_host","cribl_wp"]}],"co":"splunk:home_lab_splunk","output":"splunk:home_lab_splunk","group":"default","source":"cribl","host":"pi4","event_source":"cribl","event_host":"pi4","cribl_wp":"w1","__inputId":"cribl:CriblMetrics","cribl_pipe":"cribl_metrics_rollup"},{"__criblEventType":"event","__ctrlFields":[],"__final":false,"__cloneCount":0,"_time":1622686487.829,"_value":552,"_metric":"cribl.logstream.total.out_bytes","_metric_type":"counter","__criblMetrics":[{"types":["counter"],"values":["_value"],"nameExpr":["_metric"],"dims":["co","output","group","source","host","event_source","event_host","cribl_wp"]}],"co":"splunk:home_lab_splunk","output":"splunk:home_lab_splunk","group":"default","source":"cribl","host":"pi4","event_source":"cribl","event_host":"pi4","cribl_wp":"w1","__inputId":"cribl:CriblMetrics","cribl_pipe":"cribl_metrics_rollup"},{"__criblEventType":"event","__ctrlFields":[],"__final":false,"__cloneCount":0,"_time":1622686487.829,"_value":2.12,"_metric":"cribl.logstream.system.cpu_perc","_metric_type":"gauge","__criblMetrics":[{"types":["gauge"],"values":["_value"],"nameExpr":["_metric"],"dims":["group","source","host","event_source","event_host","cribl_wp"]}],"group":"default","source":"cribl","host":"pi4","event_source":"cribl","event_host":"pi4","cribl_wp":"w1","__inputId":"cribl:CriblMetrics","cribl_pipe":"cribl_metrics_rollup"},{"__criblEventType":"event","__ctrlFields":[],"__final":false,"__cloneCount":0,"_time":1622686487.829,"_value":196644864,"_metric":"cribl.logstream.system.mem_rss","_metric_type":"gauge","__criblMetrics":[{"types":["gauge"],"values":["_value"],"nameExpr":["_metric"],"dims":["group","source","host","event_source","event_host","cribl_wp"]}],"group":"default","source":"cribl","host":"pi4","event_source":"cribl","event_host":"pi4","cribl_wp":"w1","__inputId":"cribl:CriblMetrics","cribl_pipe":"cribl_metrics_rollup"},{"__criblEventType":"event","__ctrlFields":[],"__final":false,"__cloneCount":0,"_time":1622686487.829,"_value":1,"_metric":"cribl.logstream.total.out_events","_metric_type":"counter","__criblMetrics":[{"types":["counter"],"values":["_value"],"nameExpr":["_metric"],"dims":["co","output","group","source","host","event_source","event_host","cribl_wp"]}],"co":"webhook:test_alert","output":"webhook:test_alert","group":"default","source":"cribl","host":"pi4","event_source":"cribl","event_host":"pi4","cribl_wp":"w1","__inputId":"cribl:CriblMetrics","cribl_pipe":"cribl_metrics_rollup"},{"__criblEventType":"event","__ctrlFields":[],"__final":false,"__cloneCount":0,"_time":1622686487.829,"_value":160,"_metric":"cribl.logstream.total.out_bytes","_metric_type":"counter","__criblMetrics":[{"types":["counter"],"values":["_value"],"nameExpr":["_metric"],"dims":["co","output","group","source","host","event_source","event_host","cribl_wp"]}],"co":"webhook:test_alert","output":"webhook:test_alert","group":"default","source":"cribl","host":"pi4","event_source":"cribl","event_host":"pi4","cribl_wp":"w1","__inputId":"cribl:CriblMetrics","cribl_pipe":"cribl_metrics_rollup"},{"__criblEventType":"event","__ctrlFields":[],"__final":false,"__cloneCount":0,"_time":1622686487.829,"_value":1,"_metric":"cribl.logstream.total.out_events","_metric_type":"counter","__criblMetrics":[{"types":["counter"],"values":["_value"],"nameExpr":["_metric"],"dims":["co","output","group","source","host","event_source","event_host","cribl_wp"]}],"co":"webhook:pagerduty_trigger","output":"webhook:pagerduty_trigger","group":"default","source":"cribl","host":"pi4","event_source":"cribl","event_host":"pi4","cribl_wp":"w1","__inputId":"cribl:CriblMetrics","cribl_pipe":"cribl_metrics_rollup"},{"__criblEventType":"event","__ctrlFields":[],"__final":false,"__cloneCount":0,"_time":1622686487.829,"_value":160,"_metric":"cribl.logstream.total.out_bytes","_metric_type":"counter","__criblMetrics":[{"types":["counter"],"values":["_value"],"nameExpr":["_metric"],"dims":["co","output","group","source","host","event_source","event_host","cribl_wp"]}],"co":"webhook:pagerduty_trigger","output":"webhook:pagerduty_trigger","group":"default","source":"cribl","host":"pi4","event_source":"cribl","event_host":"pi4","cribl_wp":"w1","__inputId":"cribl:CriblMetrics","cribl_pipe":"cribl_metrics_rollup"},{"__criblEventType":"event","__ctrlFields":[],"__final":false,"__cloneCount":0,"_time":1622686487.829,"_value":358,"_metric":"cribl.logstream.route.in_bytes","_metric_type":"counter","__criblMetrics":[{"types":["counter"],"values":["_value"],"nameExpr":["_metric"],"dims":["id","route","name","input","group","source","host","event_source","event_host","cribl_wp"]}],"id":"uDLCXB","route":"uDLCXB","name":"test_pq","input":"datagen:testdata","group":"default","source":"cribl","host":"pi4","event_source":"cribl","event_host":"pi4","cribl_wp":"w1","__inputId":"cribl:CriblMetrics","cribl_pipe":"cribl_metrics_rollup"},{"__criblEventType":"event","__ctrlFields":[],"__final":false,"__cloneCount":0,"_time":1622686487.829,"_value":4,"_metric":"cribl.logstream.route.in_events","_metric_type":"counter","__criblMetrics":[{"types":["counter"],"values":["_value"],"nameExpr":["_metric"],"dims":["id","route","name","input","group","source","host","event_source","event_host","cribl_wp"]}],"id":"uDLCXB","route":"uDLCXB","name":"test_pq","input":"datagen:testdata","group":"default","source":"cribl","host":"pi4","event_source":"cribl","event_host":"pi4","cribl_wp":"w1","__inputId":"cribl:CriblMetrics","cribl_pipe":"cribl_metrics_rollup"},{"__criblEventType":"event","__ctrlFields":[],"__final":false,"__cloneCount":0,"_time":1622686487.829,"_value":4,"_metric":"cribl.logstream.route.out_events","_metric_type":"counter","__criblMetrics":[{"types":["counter"],"values":["_value"],"nameExpr":["_metric"],"dims":["id","route","name","group","source","host","event_source","event_host","cribl_wp"]}],"id":"uDLCXB","route":"uDLCXB","name":"test_pq","group":"default","source":"cribl","host":"pi4","event_source":"cribl","event_host":"pi4","cribl_wp":"w1","__inputId":"cribl:CriblMetrics","cribl_pipe":"cribl_metrics_rollup"},{"__criblEventType":"event","__ctrlFields":[],"__final":false,"__cloneCount":0,"_time":1622686487.829,"_value":358,"_metric":"cribl.logstream.route.out_bytes","_metric_type":"counter","__criblMetrics":[{"types":["counter"],"values":["_value"],"nameExpr":["_metric"],"dims":["id","route","name","group","source","host","event_source","event_host","cribl_wp"]}],"id":"uDLCXB","route":"uDLCXB","name":"test_pq","group":"default","source":"cribl","host":"pi4","event_source":"cribl","event_host":"pi4","cribl_wp":"w1","__inputId":"cribl:CriblMetrics","cribl_pipe":"cribl_metrics_rollup"},{"__criblEventType":"event","__ctrlFields":[],"__final":false,"__cloneCount":0,"_time":1622686487.829,"_value":8,"_metric":"cribl.logstream.pipe.in_events","_metric_type":"counter","__criblMetrics":[{"types":["counter"],"values":["_value"],"nameExpr":["_metric"],"dims":["id","pipeline","group","source","host","event_source","event_host","cribl_wp"]}],"id":"main","pipeline":"main","group":"default","source":"cribl","host":"pi4","event_source":"cribl","event_host":"pi4","cribl_wp":"w1","__inputId":"cribl:CriblMetrics","cribl_pipe":"cribl_metrics_rollup"},{"__criblEventType":"event","__ctrlFields":[],"__final":false,"__cloneCount":0,"_time":1622686487.829,"_value":8,"_metric":"cribl.logstream.pipe.out_events","_metric_type":"counter","__criblMetrics":[{"types":["counter"],"values":["_value"],"nameExpr":["_metric"],"dims":["id","pipeline","group","source","host","event_source","event_host","cribl_wp"]}],"id":"main","pipeline":"main","group":"default","source":"cribl","host":"pi4","event_source":"cribl","event_host":"pi4","cribl_wp":"w1","__inputId":"cribl:CriblMetrics","cribl_pipe":"cribl_metrics_rollup"},{"__criblEventType":"event","__ctrlFields":[],"__final":false,"__cloneCount":0,"_time":1622686487.829,"_value":83,"_metric":"cribl.logstream.pipe.in_events","_metric_type":"counter","__criblMetrics":[{"types":["counter"],"values":["_value"],"nameExpr":["_metric"],"dims":["id","pipeline","group","source","host","event_source","event_host","cribl_wp"]}],"id":"queued_outputs","pipeline":"queued_outputs","group":"default","source":"cribl","host":"pi4","event_source":"cribl","event_host":"pi4","cribl_wp":"w1","__inputId":"cribl:CriblMetrics","cribl_pipe":"cribl_metrics_rollup"},{"__criblEventType":"event","__ctrlFields":[],"__final":false,"__cloneCount":0,"_time":1622686487.829,"_value":1,"_metric":"cribl.logstream.pipe.out_events","_metric_type":"counter","__criblMetrics":[{"types":["counter"],"values":["_value"],"nameExpr":["_metric"],"dims":["id","pipeline","group","source","host","event_source","event_host","cribl_wp"]}],"id":"queued_outputs","pipeline":"queued_outputs","group":"default","source":"cribl","host":"pi4","event_source":"cribl","event_host":"pi4","cribl_wp":"w1","__inputId":"cribl:CriblMetrics","cribl_pipe":"cribl_metrics_rollup"},{"__criblEventType":"event","__ctrlFields":[],"__final":false,"__cloneCount":0,"_time":1622686487.829,"_value":82,"_metric":"cribl.logstream.pipe.dropped_events","_metric_type":"counter","__criblMetrics":[{"types":["counter"],"values":["_value"],"nameExpr":["_metric"],"dims":["id","pipeline","group","source","host","event_source","event_host","cribl_wp"]}],"id":"queued_outputs","pipeline":"queued_outputs","group":"default","source":"cribl","host":"pi4","event_source":"cribl","event_host":"pi4","cribl_wp":"w1","__inputId":"cribl:CriblMetrics","cribl_pipe":"cribl_metrics_rollup"},{"__criblEventType":"event","__ctrlFields":[],"__final":false,"__cloneCount":0,"_time":1622686487.829,"_value":87,"_metric":"cribl.logstream.pipe.out_events","_metric_type":"counter","__criblMetrics":[{"types":["counter"],"values":["_value"],"nameExpr":["_metric"],"dims":["id","pipeline","group","source","host","event_source","event_host","cribl_wp"]}],"id":"cribl_metrics_rollup","pipeline":"cribl_metrics_rollup","group":"default","source":"cribl","host":"pi4","event_source":"cribl","event_host":"pi4","cribl_wp":"w1","__inputId":"cribl:CriblMetrics","cribl_pipe":"cribl_metrics_rollup"},{"__criblEventType":"event","__ctrlFields":[],"__final":false,"__cloneCount":0,"_time":1622686487.829,"_value":1,"_metric":"cribl.logstream.host.in_events","_metric_type":"counter","__criblMetrics":[{"types":["counter"],"values":["_value"],"nameExpr":["_metric"],"dims":["host","group","source","event_source","event_host","cribl_wp"]}],"host":"192.168.100.108","group":"default","source":"cribl","event_source":"cribl","event_host":"192.168.100.108","cribl_wp":"w1","__inputId":"cribl:CriblMetrics","cribl_pipe":"cribl_metrics_rollup"},{"__criblEventType":"event","__ctrlFields":[],"__final":false,"__cloneCount":0,"_time":1622686487.829,"_value":1,"_metric":"cribl.logstream.host.out_events","_metric_type":"counter","__criblMetrics":[{"types":["counter"],"values":["_value"],"nameExpr":["_metric"],"dims":["host","group","source","event_source","event_host","cribl_wp"]}],"host":"192.168.100.108","group":"default","source":"cribl","event_source":"cribl","event_host":"192.168.100.108","cribl_wp":"w1","__inputId":"cribl:CriblMetrics","cribl_pipe":"cribl_metrics_rollup"},{"__criblEventType":"event","__ctrlFields":[],"__final":false,"__cloneCount":0,"_time":1622686487.829,"_value":293,"_metric":"cribl.logstream.host.in_bytes","_metric_type":"counter","__criblMetrics":[{"types":["counter"],"values":["_value"],"nameExpr":["_metric"],"dims":["host","group","source","event_source","event_host","cribl_wp"]}],"host":"192.168.100.108","group":"default","source":"cribl","event_source":"cribl","event_host":"192.168.100.108","cribl_wp":"w1","__inputId":"cribl:CriblMetrics","cribl_pipe":"cribl_metrics_rollup"},{"__criblEventType":"event","__ctrlFields":[],"__final":false,"__cloneCount":0,"_time":1622686487.829,"_value":293,"_metric":"cribl.logstream.host.out_bytes","_metric_type":"counter","__criblMetrics":[{"types":["counter"],"values":["_value"],"nameExpr":["_metric"],"dims":["host","group","source","event_source","event_host","cribl_wp"]}],"host":"192.168.100.108","group":"default","source":"cribl","event_source":"cribl","event_host":"192.168.100.108","cribl_wp":"w1","__inputId":"cribl:CriblMetrics","cribl_pipe":"cribl_metrics_rollup"},{"__criblEventType":"event","__ctrlFields":[],"__final":false,"__cloneCount":0,"_time":1622686487.829,"_value":4,"_metric":"cribl.logstream.total.in_events","_metric_type":"counter","__criblMetrics":[{"types":["counter"],"values":["_value"],"nameExpr":["_metric"],"dims":["ci","input","group","source","host","event_source","event_host","cribl_wp"]}],"ci":"syslog:in_syslog:udp","input":"syslog:in_syslog:udp","group":"default","source":"cribl","host":"pi4","event_source":"cribl","event_host":"pi4","cribl_wp":"w1","__inputId":"cribl:CriblMetrics","cribl_pipe":"cribl_metrics_rollup"},{"__criblEventType":"event","__ctrlFields":[],"__final":false,"__cloneCount":0,"_time":1622686487.829,"_value":770,"_metric":"cribl.logstream.total.in_bytes","_metric_type":"counter","__criblMetrics":[{"types":["counter"],"values":["_value"],"nameExpr":["_metric"],"dims":["ci","input","group","source","host","event_source","event_host","cribl_wp"]}],"ci":"syslog:in_syslog:udp","input":"syslog:in_syslog:udp","group":"default","source":"cribl","host":"pi4","event_source":"cribl","event_host":"pi4","cribl_wp":"w1","__inputId":"cribl:CriblMetrics","cribl_pipe":"cribl_metrics_rollup"},{"__criblEventType":"event","__ctrlFields":[],"__final":false,"__cloneCount":0,"_time":1622686487.829,"_value":8,"_metric":"cribl.logstream.total.out_events","_metric_type":"counter","__criblMetrics":[{"types":["counter"],"values":["_value"],"nameExpr":["_metric"],"dims":["co","output","group","source","host","event_source","event_host","cribl_wp"]}],"co":"devnull:devnull","output":"devnull:devnull","group":"default","source":"cribl","host":"pi4","event_source":"cribl","event_host":"pi4","cribl_wp":"w1","__inputId":"cribl:CriblMetrics","cribl_pipe":"cribl_metrics_rollup"},{"__criblEventType":"event","__ctrlFields":[],"__final":false,"__cloneCount":0,"_time":1622686487.829,"_value":770,"_metric":"cribl.logstream.total.out_bytes","_metric_type":"counter","__criblMetrics":[{"types":["counter"],"values":["_value"],"nameExpr":["_metric"],"dims":["co","output","group","source","host","event_source","event_host","cribl_wp"]}],"co":"devnull:devnull","output":"devnull:devnull","group":"default","source":"cribl","host":"pi4","event_source":"cribl","event_host":"pi4","cribl_wp":"w1","__inputId":"cribl:CriblMetrics","cribl_pipe":"cribl_metrics_rollup"},{"__criblEventType":"event","__ctrlFields":[],"__final":false,"__cloneCount":0,"_time":1622686487.829,"_value":1,"_metric":"cribl.logstream.host.in_events","_metric_type":"counter","__criblMetrics":[{"types":["counter"],"values":["_value"],"nameExpr":["_metric"],"dims":["host","group","source","event_source","event_host","cribl_wp"]}],"host":"192.168.100.134","group":"default","source":"cribl","event_source":"cribl","event_host":"192.168.100.134","cribl_wp":"w1","__inputId":"cribl:CriblMetrics","cribl_pipe":"cribl_metrics_rollup"},{"__criblEventType":"event","__ctrlFields":[],"__final":false,"__cloneCount":0,"_time":1622686487.829,"_value":1,"_metric":"cribl.logstream.host.out_events","_metric_type":"counter","__criblMetrics":[{"types":["counter"],"values":["_value"],"nameExpr":["_metric"],"dims":["host","group","source","event_source","event_host","cribl_wp"]}],"host":"192.168.100.134","group":"default","source":"cribl","event_source":"cribl","event_host":"192.168.100.134","cribl_wp":"w1","__inputId":"cribl:CriblMetrics","cribl_pipe":"cribl_metrics_rollup"},{"__criblEventType":"event","__ctrlFields":[],"__final":false,"__cloneCount":0,"_time":1622686487.829,"_value":159,"_metric":"cribl.logstream.host.in_bytes","_metric_type":"counter","__criblMetrics":[{"types":["counter"],"values":["_value"],"nameExpr":["_metric"],"dims":["host","group","source","event_source","event_host","cribl_wp"]}],"host":"192.168.100.134","group":"default","source":"cribl","event_source":"cribl","event_host":"192.168.100.134","cribl_wp":"w1","__inputId":"cribl:CriblMetrics","cribl_pipe":"cribl_metrics_rollup"},{"__criblEventType":"event","__ctrlFields":[],"__final":false,"__cloneCount":0,"_time":1622686487.829,"_value":159,"_metric":"cribl.logstream.host.out_bytes","_metric_type":"counter","__criblMetrics":[{"types":["counter"],"values":["_value"],"nameExpr":["_metric"],"dims":["host","group","source","event_source","event_host","cribl_wp"]}],"host":"192.168.100.134","group":"default","source":"cribl","event_source":"cribl","event_host":"192.168.100.134","cribl_wp":"w1","__inputId":"cribl:CriblMetrics","cribl_pipe":"cribl_metrics_rollup"},{"__criblEventType":"event","__ctrlFields":[],"__final":false,"__cloneCount":0,"_time":1622686487.829,"_value":2,"_metric":"cribl.logstream.host.in_events","_metric_type":"counter","__criblMetrics":[{"types":["counter"],"values":["_value"],"nameExpr":["_metric"],"dims":["host","group","source","event_source","event_host","cribl_wp"]}],"host":"192.168.100.130","group":"default","source":"cribl","event_source":"cribl","event_host":"192.168.100.130","cribl_wp":"w1","__inputId":"cribl:CriblMetrics","cribl_pipe":"cribl_metrics_rollup"},{"__criblEventType":"event","__ctrlFields":[],"__final":false,"__cloneCount":0,"_time":1622686487.829,"_value":2,"_metric":"cribl.logstream.host.out_events","_metric_type":"counter","__criblMetrics":[{"types":["counter"],"values":["_value"],"nameExpr":["_metric"],"dims":["host","group","source","event_source","event_host","cribl_wp"]}],"host":"192.168.100.130","group":"default","source":"cribl","event_source":"cribl","event_host":"192.168.100.130","cribl_wp":"w1","__inputId":"cribl:CriblMetrics","cribl_pipe":"cribl_metrics_rollup"},{"__criblEventType":"event","__ctrlFields":[],"__final":false,"__cloneCount":0,"_time":1622686487.829,"_value":318,"_metric":"cribl.logstream.host.in_bytes","_metric_type":"counter","__criblMetrics":[{"types":["counter"],"values":["_value"],"nameExpr":["_metric"],"dims":["host","group","source","event_source","event_host","cribl_wp"]}],"host":"192.168.100.130","group":"default","source":"cribl","event_source":"cribl","event_host":"192.168.100.130","cribl_wp":"w1","__inputId":"cribl:CriblMetrics","cribl_pipe":"cribl_metrics_rollup"},{"__criblEventType":"event","__ctrlFields":[],"__final":false,"__cloneCount":0,"_time":1622686487.829,"_value":318,"_metric":"cribl.logstream.host.out_bytes","_metric_type":"counter","__criblMetrics":[{"types":["counter"],"values":["_value"],"nameExpr":["_metric"],"dims":["host","group","source","event_source","event_host","cribl_wp"]}],"host":"192.168.100.130","group":"default","source":"cribl","event_source":"cribl","event_host":"192.168.100.130","cribl_wp":"w1","__inputId":"cribl:CriblMetrics","cribl_pipe":"cribl_metrics_rollup"},{"__criblEventType":"event","__ctrlFields":[],"__final":false,"__cloneCount":0,"_time":1622686489.102,"_value":191,"_metric":"cribl.logstream.metrics_pool.num_metrics","_metric_type":"gauge","__criblMetrics":[{"types":["gauge"],"values":["_value"],"nameExpr":["_metric"],"dims":["group","source","host","event_source","event_host","cribl_wp"]}],"group":"default","source":"cribl","host":"pi4","event_source":"cribl","event_host":"pi4","cribl_wp":"w0","__inputId":"cribl:CriblMetrics","cribl_pipe":"cribl_metrics_rollup"},{"__criblEventType":"event","__ctrlFields":[],"__final":false,"__cloneCount":0,"_time":1622686489.102,"_value":5,"_metric":"cribl.logstream.cluster.metrics.sender.inflight","_metric_type":"gauge","__criblMetrics":[{"types":["gauge"],"values":["_value"],"nameExpr":["_metric"],"dims":["group","source","host","event_source","event_host","cribl_wp"]}],"group":"default","source":"cribl","host":"pi4","event_source":"cribl","event_host":"pi4","cribl_wp":"w0","__inputId":"cribl:CriblMetrics","cribl_pipe":"cribl_metrics_rollup"},{"__criblEventType":"event","__ctrlFields":[],"__final":false,"__cloneCount":0,"_time":1622686489.102,"_value":81,"_metric":"cribl.logstream.route.in_events","_metric_type":"counter","__criblMetrics":[{"types":["counter"],"values":["_value"],"nameExpr":["_metric"],"dims":["id","route","name","input","group","source","host","event_source","event_host","cribl_wp"]}],"id":"QkPO2d","route":"QkPO2d","name":"internal_monitor","input":"cribl:CriblMetrics","group":"default","source":"cribl","host":"pi4","event_source":"cribl","event_host":"pi4","cribl_wp":"w0","__inputId":"cribl:CriblMetrics","cribl_pipe":"cribl_metrics_rollup"},{"__criblEventType":"event","__ctrlFields":[],"__final":false,"__cloneCount":0,"_time":1622686489.102,"_value":1,"_metric":"cribl.logstream.route.out_events","_metric_type":"counter","__criblMetrics":[{"types":["counter"],"values":["_value"],"nameExpr":["_metric"],"dims":["id","route","name","group","source","host","event_source","event_host","cribl_wp"]}],"id":"QkPO2d","route":"QkPO2d","name":"internal_monitor","group":"default","source":"cribl","host":"pi4","event_source":"cribl","event_host":"pi4","cribl_wp":"w0","__inputId":"cribl:CriblMetrics","cribl_pipe":"cribl_metrics_rollup"},{"__criblEventType":"event","__ctrlFields":[],"__final":false,"__cloneCount":0,"_time":1622686489.102,"_value":80,"_metric":"cribl.logstream.route.dropped_events","_metric_type":"counter","__criblMetrics":[{"types":["counter"],"values":["_value"],"nameExpr":["_metric"],"dims":["id","route","name","group","source","host","event_source","event_host","cribl_wp"]}],"id":"QkPO2d","route":"QkPO2d","name":"internal_monitor","group":"default","source":"cribl","host":"pi4","event_source":"cribl","event_host":"pi4","cribl_wp":"w0","__inputId":"cribl:CriblMetrics","cribl_pipe":"cribl_metrics_rollup"},{"__criblEventType":"event","__ctrlFields":[],"__final":false,"__cloneCount":0,"_time":1622686489.102,"_value":586,"_metric":"cribl.logstream.route.in_bytes","_metric_type":"counter","__criblMetrics":[{"types":["counter"],"values":["_value"],"nameExpr":["_metric"],"dims":["id","route","name","input","group","source","host","event_source","event_host","cribl_wp"]}],"id":"uDLCXB","route":"uDLCXB","name":"test_pq","input":"datagen:testdata","group":"default","source":"cribl","host":"pi4","event_source":"cribl","event_host":"pi4","cribl_wp":"w0","__inputId":"cribl:CriblMetrics","cribl_pipe":"cribl_metrics_rollup"},{"__criblEventType":"event","__ctrlFields":[],"__final":false,"__cloneCount":0,"_time":1622686489.102,"_value":6,"_metric":"cribl.logstream.route.in_events","_metric_type":"counter","__criblMetrics":[{"types":["counter"],"values":["_value"],"nameExpr":["_metric"],"dims":["id","route","name","input","group","source","host","event_source","event_host","cribl_wp"]}],"id":"uDLCXB","route":"uDLCXB","name":"test_pq","input":"datagen:testdata","group":"default","source":"cribl","host":"pi4","event_source":"cribl","event_host":"pi4","cribl_wp":"w0","__inputId":"cribl:CriblMetrics","cribl_pipe":"cribl_metrics_rollup"},{"__criblEventType":"event","__ctrlFields":[],"__final":false,"__cloneCount":0,"_time":1622686489.102,"_value":6,"_metric":"cribl.logstream.route.out_events","_metric_type":"counter","__criblMetrics":[{"types":["counter"],"values":["_value"],"nameExpr":["_metric"],"dims":["id","route","name","group","source","host","event_source","event_host","cribl_wp"]}],"id":"uDLCXB","route":"uDLCXB","name":"test_pq","group":"default","source":"cribl","host":"pi4","event_source":"cribl","event_host":"pi4","cribl_wp":"w0","__inputId":"cribl:CriblMetrics","cribl_pipe":"cribl_metrics_rollup"},{"__criblEventType":"event","__ctrlFields":[],"__final":false,"__cloneCount":0,"_time":1622686489.102,"_value":586,"_metric":"cribl.logstream.route.out_bytes","_metric_type":"counter","__criblMetrics":[{"types":["counter"],"values":["_value"],"nameExpr":["_metric"],"dims":["id","route","name","group","source","host","event_source","event_host","cribl_wp"]}],"id":"uDLCXB","route":"uDLCXB","name":"test_pq","group":"default","source":"cribl","host":"pi4","event_source":"cribl","event_host":"pi4","cribl_wp":"w0","__inputId":"cribl:CriblMetrics","cribl_pipe":"cribl_metrics_rollup"},{"__criblEventType":"event","__ctrlFields":[],"__final":false,"__cloneCount":0,"_time":1622686489.102,"_value":4,"_metric":"cribl.logstream.route.in_events","_metric_type":"counter","__criblMetrics":[{"types":["counter"],"values":["_value"],"nameExpr":["_metric"],"dims":["id","route","name","input","group","source","host","event_source","event_host","cribl_wp"]}],"id":"default","route":"default","name":"default","input":"undefined","group":"default","source":"cribl","host":"pi4","event_source":"cribl","event_host":"pi4","cribl_wp":"w0","__inputId":"cribl:CriblMetrics","cribl_pipe":"cribl_metrics_rollup"},{"__criblEventType":"event","__ctrlFields":[],"__final":false,"__cloneCount":0,"_time":1622686489.102,"_value":5,"_metric":"cribl.logstream.route.out_events","_metric_type":"counter","__criblMetrics":[{"types":["counter"],"values":["_value"],"nameExpr":["_metric"],"dims":["id","route","name","group","source","host","event_source","event_host","cribl_wp"]}],"id":"default","route":"default","name":"default","group":"default","source":"cribl","host":"pi4","event_source":"cribl","event_host":"pi4","cribl_wp":"w0","__inputId":"cribl:CriblMetrics","cribl_pipe":"cribl_metrics_rollup"},{"__criblEventType":"event","__ctrlFields":[],"__final":false,"__cloneCount":0,"_time":1622686489.102,"_value":271,"_metric":"cribl.logstream.pipe.in_events","_metric_type":"counter","__criblMetrics":[{"types":["counter"],"values":["_value"],"nameExpr":["_metric"],"dims":["id","pipeline","group","source","host","event_source","event_host","cribl_wp"]}],"id":"cribl_metrics_rollup","pipeline":"cribl_metrics_rollup","group":"default","source":"cribl","host":"pi4","event_source":"cribl","event_host":"pi4","cribl_wp":"w0","__inputId":"cribl:CriblMetrics","cribl_pipe":"cribl_metrics_rollup"},{"__criblEventType":"event","__ctrlFields":[],"__final":false,"__cloneCount":0,"_time":1622686489.102,"_value":271,"_metric":"cribl.logstream.pipe.dropped_events","_metric_type":"counter","__criblMetrics":[{"types":["counter"],"values":["_value"],"nameExpr":["_metric"],"dims":["id","pipeline","group","source","host","event_source","event_host","cribl_wp"]}],"id":"cribl_metrics_rollup","pipeline":"cribl_metrics_rollup","group":"default","source":"cribl","host":"pi4","event_source":"cribl","event_host":"pi4","cribl_wp":"w0","__inputId":"cribl:CriblMetrics","cribl_pipe":"cribl_metrics_rollup"}]